// Vaz2010Core.dll @ 00CC0000, imports resolved, sr=44100
VALID lens: 1116 1187 1277 1356 1422 1491 1557 1617 1203 1527
R,0,5A3C109D,583FEE1D,55CBD933,53B2F074,51FC756D,503BA369,4E9750C2,4D20AC29,57CEF915,4F554B56
R,1,5B37D9ED,5945EF4A,56DE0099,54CF0BD8,53206407,51674A75,4FC9ED61,4E5942FC,58D733C1,5084CB1F
R,2,5C26FE6B,5A3EF2EA,57E2C8D0,55DD7F48,543676A3,5284E731,50EE5ABF,4F838EEA,59D25E53,51A62B94
R,3,5D0A68FA,5B2BE6D9,58DB221C,56DF3BF7,553F9E76,53956A20,52058814,50A07D7F,5AC16732,52BA5C94
R,4,5DE2EEA1,5C0DA32E,59C7E73D,57D51DF2,563CB7F0,5499AF7B,531050D1,51B0E907,5BA52706,53C239FD
R,5,5EB150F8,5CE4EC9A,5AA9DFBD,58BFEE53,572E8CDA,5592812F,540F7E86,52B59A53,5C7E6319,54BE8D9A
R,6,5F76404C,5DB27682,5B81C1F4,59A06531,5815D633,568098A9,5503CA95,53AF4A5D,5D4DCF6A,55B010DE
R,7,60325D7B,5E76E4D2,5C5034CA,5A772B56,58F33DD4,5764A06B,55EDDFB4,549EA3B7,5E14107D,56976E74
R,8,60E63B97,5F32CD96,5D15D14D,5B44DBC4,59C75FEE,583F3578,56CE5B50,558443E0,5ED1BCF8,577543A4
R,9,61926152,5FE6BA66,5DD3240D,5C0A050E,5A92CC59,5910E898,57A5CEC1,5660BC6C,5F875F09,584A2190
R,10,62374A41,609329A6,5E88AE5D,5CC72A89,5B5607BA,59DA3F7B,5874C065,57349419,603575A5,59168E50
R,11,62D567F7,61388F9F,5F36E761,5D7CC560,5C118C95,5A9BB5BF,593BAC9F,580047C2,60DC75A5,59DB05F4
R,12,636D2304,61D7577B,5FDE3D0B,5E2B4581,5CC5CC36,5B55BDD2,59FB06B4,58C44B3C,617CCAB9,5A97FB6A
R,13,63FEDBD1,626FE421,607F14F6,5ED3127E,5D732F89,5C08C1CD,5AB3399D,59810A1A,6216D84F,5B4DD949
R,14,648AEB63,630290FC,6119CD26,5F748C46,5E1A17D8,5CB52425,5B64A8BB,5A36E867,62AAFA50,5BFD0290
R,15,6511A413,638FB2AB,61AEBCBF,60100BD8,5EBADF76,5D5B405C,5C0FB07C,5AE64340,633985D5,5CA5D347
R,16,65935220,6417979F,623E349A,60A5E3DF,5F55DA5C,5DFB6B94,5CB4A6F5,5B8F7170,63C2C9C5,5D48A119
R,17,66103C45,649A88A4,62C87FD6,6136613B,5FEB56AF,5E95F51B,5D53DC62,5C32C3EC,64470F5C,5DE5BBDB
R,18,6688A430,6518C966,634DE456,61C1CB81,607B9D41,5F2B26E5,5DED9BA7,5CD08650,64C69AB0,5E7D6E08
R,19,66FCC6F3,659298DB,63CEA333,62486569,6106F200,5FBB45FB,5E822AB9,5D68FF4D,6541AB1F,5F0FFD30
R,20,676CDD6C,660831AD,644AF91F,62CA6D3C,618D945E,604692E4,5F11CB06,5DFC710A,65B87BB4,5F9DAA5A
R,21,67D91C9D,6679CA96,64C31EC7,63481D27,620FBFAA,60CD49FC,5F9CB9CF,5E8B197D,662B4385,6026B263
R,22,6841B5FE,66E796AF,65374922,63C1AB96,628DAB65,614FA3CA,6023307B,5F1532C1,669A3606,60AB4E4F
R,23,68A6D7C9,6751C5BF,65A7A9BF,64374B7E,63078B91,61CDD54D,60A564DF,5F9AF35B,67058353,612BB396
R,24,6908AD3A,67B8847F,66146F08,64A92C9E,637D90F2,6248103D,61238989,601C8E87,676D5875,61A81466
R,25,69675ECC,681BFCD2,667DC482,65177BC4,63EFE94E,62BE8350,619DCDF9,609A346C,67D1DF9C,62209FE6
R,26,69C31272,687C5602,66E3D304,65826302,645EBFA8,63315A6B,62145EDC,6114125D,6833405D,6295826C
R,27,6A1BEBC8,68D9B4F3,6746C0EC,65EA09E5,64CA3C71,63A0BEDE,62876643,618A5309,68919FE0,6306E5B2
R,28,6A720C3E,69343C4C,67A6B24D,664E959F,653285BB,640CD78F,62F70BCE,61FD1EAB,68ED2111,6374F106
R,29,6AC59345,698C0CA6,6803C91A,66B0293A,6597BF63,6475C928,636374DC,626C9B3A,6945E4C9,63DFC977
R,30,6B169E70,69E144B1,685E254D,670EE5B9,65FA0B3B,64DBB641,63CCC4B1,62D8EC89,699C09F5,644791FB
R,31,6B65499D,6A340158,68B5E50E,676AEA41,6659892A,653EBF7F,64331C9B,63423477,69EFADB9,64AC6B97
R,32,6BB1AF0E,6A845DDE,690B24CD,67C45437,66B65753,659F03BC,64969C16,63A89306,6A40EB91,650E757E
R,33,6BFBE789,6AD273FF,695DFF68,681B3F61,67109230,65FCA023,64F760E9,640C2682,6A8FDD6E,656DCD32
R,34,6C440A72,6B1E5C0A,69AE8E41,686FC602,676854B3,6657B04D,65558745,646D0B9B,6ADC9BD1,65CA8E9F
R,35,6C8A2DE5,6B682CF9,69FCE959,68C200F2,67BDB859,66B04E5D,65B129DE,64CB5D81,6B273DE5,6624D43A
R,36,6CCE66C8,6BAFFC89,6A49276C,691207B6,6810D54B,67069317,660A6203,652735FA,6B6FD996,667CB713
R,37,6D10C8E5,6BF5DF4E,6A935DFE,695FF09C,6861C26C,675A95F7,666147B7,6580AD7C,6BB683A3,66D24EF0
R,38,6D5166F6,6C39E8C8,6ADBA176,69ABD0C5,68B09574,67AC6D44,66B5F1C5,65D7DB41,6BFB4FB7,6725B262
R,39,6D9052BE,6C7C2B74,6B22052E,69F5BC40,68FD62FF,67FC2E26,670875D1,662CD559,6C3E5077,6776F6D7
R,40,6DCD9D15,6CBCB8D9,6B669B84,6A3DC618,69483EA1,6849ECB9,6758E86F,667FB0BF,6C7F9793,67C630AA
R,41,6E0955F6,6CFBA1A0,6BA975E8,6A840066,69913AF6,6895BC17,67A75D2F,66D08167,6CBF35D6,6813733A
R,42,6E438C8F,6D38F599,6BEAA4F0,6AC87C5E,69D869AE,68DFAE6F,67F3E6B0,671F5A4F,6CFD3B36,685ED0F1
R,43,6E7C4F4E,6D74C3CE,6C2A385E,6B0B4A5D,6A1DDBA0,6927D50F,683E96AC,676C4D90,6D39B6DE,68A85B5A
R,44,6EB3ABEA,6DAF1A8D,6C683F34,6B4C79F5,6A61A0D4,696E4072,68877E05,67B76C65,6D74B73D,68F02328
R,45,6EE9AF71,6DE80772,6CA4C7BA,6B8C19FF,6AA3C890,69B3004D,68CEACD6,6800C73F,6DAE4A0E,6936384A
R,46,6F1E6650,6E1F9774,6CDFDF8B,6BCA389C,6AE46163,69F62399,69143278,68486DCC,6DE67C67,697AA9ED
R,47,6F51DC5F,6E55D6EE,6D1993A0,6C06E349,6B237930,6A37B8A1,69581D93,688E6F04,6E1D5ABE,69BD868E
R,48,6F841CE6,6E8AD1A7,6D51F059,6C4226E1,6B611D36,6A77CD07,699A7C23,68D2D931,6E52F0F8,69FEDC03
R,49,6FB532A8,6EBE92DC,6D890182,6C7C0FAC,6B9D5A1D,6AB66DD1,69DB5B86,6915B9FB,6E874A6B,6A3EB781
R,50,6FE527EB,6EF12546,6DBED263,6CB4A964,6BD83BFA,6AF3A771,6A1AC881,69571E71,6EBA71EA,6A7D25A9
R,51,7014067D,6F229324,6DF36DC0,6CEBFF3C,6C11CE5B,6B2F85CE,6A58CF4A,6997130F,6EEC71CD,6ABA328C
R,52,7041D7BC,6F52E640,6E26DDE3,6D221BEB,6C4A1C4B,6B6A1447,6A957B91,69D5A3C8,6F1D53F3,6AF5E9B7
R,53,706EA49C,6F8227F3,6E592CA4,6D5709B1,6C81305C,6BA35DC1,6AD0D885,6A12DC0B,6F4D21CF,6B305636
R,54,709A75AD,6FB06131,6E8A636D,6D8AD25A,6CB714AB,6BDB6CA8,6B0AF0D9,6A4EC6CF,6F7BE469,6B69829F
R,55,70C5531F,6FDD9A8A,6EBA8B42,6DBD7F4A,6CEBD2E8,6C124AF9,6B43CED2,6A896E90,6FA9A466,6BA17914
R,56,70EF44CA,7009DC31,6EE9ACC4,6DEF197F,6D1F745A,6C480246,6B7B7C44,6AC2DD61,6FD66A0D,6BD8434C
R,57,7118522F,70352DFF,6F17D038,6E1FA997,6D5201E6,6C7C9BB9,6BB2029C,6AFB1CE7,70023D4C,6C0DEA98
R,58,7140827F,705F977C,6F44FD8B,6E4F37D4,6D838413,6CB02020,6BE76AE6,6B323664,702D25BB,6C4277E5
R,59,7167DCA0,70891FDD,6F713C56,6E7DCC23,6DB40311,6CE297EC,6C1BBDD0,6B6832BC,70572AA2,6C75F3C7
R,60,718E672E,70B1CE0D,6F9C93E3,6EAB6E1E,6DE386B9,6D140B36,6C4F03AF,6B9D1A78,70805300,6CA86679
R,61,71B4287F,70D9A8B1,6FC70B33,6ED82511,6E121695,6D4481C7,6C814484,6BD0F5CA,70A8A586,6CD9D7E1
R,62,71D926AB,7100B626,6FF0A8FD,6F03F7FE,6E3FB9E3,6D740319,6CB287FF,6C03CC93,70D028A5,6D0A4F97
R,63,71FD678A,7126FC8C,701973B5,6F2EEDA2,6E6C7798,6DA2965A,6CE2D585,6C35A666,70F6E28A,6D39D4E9
R,64,7220F0B7,714C81C4,7041718E,6F590C74,6E985664,6DD04273,6D123431,6C668A8B,711CD926,6D686EDA
R,65,7243C799,71714B73,7068A87E,6F825AAE,6EC35CB6,6DFD0E07,6D40AADA,6C968005,7142122D,6D96242A
R,66,7265F15D,71955F08,708F1E41,6FAADE4B,6EED90BE,6E28FF7C,6D6E4013,6CC58D92,7166931B,6DC2FB58
R,67,72877302,71B8C1BC,70B4D85A,6FD29D0D,6F16F86F,6E541CF8,6D9AFA34,6CF3B9B1,718A6137,6DEEFAA4
R,68,72A85151,71DB7897,70D9DC18,6FF99C80,6F3F9986,6E7E6C67,6DC6DF53,6D210AA1,71AD8196,6E1A2814
R,69,72C890EA,71FD886F,70FE2E96,701FE1F9,6F677986,6EA7F37D,6DF1F553,6D4D866B,71CFF919,6E448973
R,70,72E8363E,721EF5ED,7121D4C1,7045729D,6F8E9DC3,6ED0B7BB,6E1C41DC,6D7932DD,71F1CC77,6E6E2459
R,71,73074594,723FC58C,7144D355,706A535E,6FB50B5A,6EF8BE6B,6E45CA64,6DA4158F,72130036,6E96FE28
R,72,7325C30C,725FFBA0,71672EE5,708E8904,6FDAC73D,6F200CAA,6E6E942D,6DCE33E9,723398B6,6EBF1C10
R,73,7343B29F,727F9C54,7188EBD6,70B21829,6FFFD630,6F46A764,6E96A44B,6DF7931F,72539A2D,6EE68316
R,74,73611821,729EABAC,71AA0E69,70D5053D,70243CCA,6F6C935B,6EBDFFA5,6E203838,727308A8,6F0D380D
R,75,737DF745,72BD2D89,71CA9AB6,70F75488,7047FF7C,6F91D524,6EE4AAF5,6E48280F,7291E813,6F333FA0
R,76,739A539A,72DB25A7,71EA94B1,71190A2E,706B228B,6FB6712E,6F0AAACB,6E6F6753,72B03C34,6F589E50
R,77,73B63092,72F897A2,720A002C,713A2A2B,708DAA1C,6FDA6BBE,6F300390,6E95FA8A,72CE08B2,6F7D5875
R,78,73D1917D,731586F6,7228E0D4,715AB85B,70AF9A2B,6FFDC8F6,6F54B986,6EBBE615,72EB5110,6FA17244
R,79,73EC7990,7331F700,72473A39,717AB876,70D0F693,70208CD4,6F78D0CB,6EE12E2C,730818B6,6FC4EFCC
R,80,7406EBE3,734DEB01,72650FCC,719A2E16,70F1C30F,7042BB34,6F9C4D59,6F05D6E7,732462EC,6FE7D4F9
R,81,7420EB76,7369661B,728264E0,71B91CB4,71120339,706457CF,6FBF330A,6F29E437,734032DE,700A2596
R,82,743A7B2A,73846B59,729F3CA9,71D787AE,7131BA8C,70856642,6FE18595,6F4D59F0,735B8B9D,702BE550
R,83,74539DCD,739EFDA9,72BB9A44,71F57244,7150EC68,70A5EA09,70034895,6F703BC5,73767021,704D17B1
R,84,746C5611,73B91FE1,72D780B2,7212DF9B,716F9C0D,70C5E685,70247F85,6F928D48,7390E348,706DC02B
R,85,7484A693,73D2D4C1,72F2F2DB,722FD2BE,718DCCA5,70E55EF9,70452DC4,6FB451F2,73AAE7D8,708DE20F
R,86,749C91DC,73EC1EF1,730DF38E,724C4EA0,71AB813D,71045690,70655695,6FD58D1D,73C48080,70AD8096
R,87,74B41A5D,74050103,73288586,7268561B,71C8BCC9,7122D05A,7084FD23,6FF64208,73DDAFDA,70CC9EDE
R,88,74CB4276,741D7D74,7342AB65,7283EBF1,71E58228,7140CF4E,70A4247D,701673D9,73F6786A,70EB3FEC
R,89,74E20C70,743596AE,735C67BA,729F12CF,7201D41E,715E564B,70C2CF9C,7036259E,740EDCA0,710966AD
R,90,74F87A87,744D4F06,7375BCFC,72B9CD4E,721DB55C,717B681C,70E1015E,70555A4A,7426DED7,712715F5
R,91,750E8EDF,7464A8BF,738EAD93,72D41DF0,7239287D,71980774,70FEBC8E,707414BC,743E8159,71445086
R,92,75244B90,747BA60A,73A73BD1,72EE0725,72543008,71B436EF,711C03E1,709257BC,7455C65E,7161190A
R,93,7539B29F,74924909,73BF69F7,73078B49,726ECE6F,71CFF919,7138D9F4,70B025FB,746CB00C,717D7215
R,94,754EC602,74A893CA,73D73A34,7320ACA7,72890613,71EB5068,71554155,70CD8217,74834077,71995E2A
R,95,7563879F,74BE884D,73EEAEA7,73396D76,72A2D942,72063F3F,71713C79,70EA6E99,749979A6,71B4DFB7
R,96,7577F94E,74D42883,7405C95D,7351CFE0,72BC4A38,7220C7F0,718CCDC7,7106EDF9,74AF5D8D,71CFF919
R,97,758C1CDA,74E9764C,741C8C56,7369D5FB,72D55B20,723AECBB,71A7F793,7123029B,74C4EE14,71EAAC9B
R,98,759FF3FF,74FE737D,7432F981,738181CF,72EE0E17,7254AFD0,71C2BC1D,713EAED1,74DA2D13,7204FC75
R,99,75B3806B,751321DB,744912C0,7398D555,73066527,726E134D,71DD1D97,7159F4DD,74EF1C55,721EEAD2
R,100,75C6C3C3,7527831F,745ED9E6,73AFD276,731E624E,72871942,71F71E22,7174D6F0,7503BD98,723879CA
R,101,75D9BF9B,753B98F3,747450B8,73C67B10,7336077A,729FC3B1,7210BFD1,718F572A,7518128A,7251AB68
R,102,75EC7580,754F64F9,748978F0,73DCD0F0,734D568A,72B8148A,722A04A6,71A9779E,752C1CD1,726A81A6
R,103,75FEE6F1,7562E8C3,749E5439,73F2D5D8,73645152,72D00DB2,7242EE96,71C33A4E,753FDE05,7282FE72
R,104,76111563,757625DA,74B2E435,74088B7C,737AF996,72E7B100,725B7F86,71DCA12E,755357B3,729B23AB
R,105,76230240,75891DBB,74C72A78,741DF386,73915110,72FF003C,7273B951,71F5AE27,75668B5B,72B2F323
R,106,7634AEE8,759BD1D8,74DB288A,74330F92,73A7596D,7315FD25,728B9DC1,720E6311,75797A75,72CA6EA0
R,107,76461CB1,75AE439A,74EEDFEC,7447E131,73BD144D,732CA96A,72A32E97,7226C1B8,758C266C,72E197D9
R,108,76574CE9,75C07460,75025211,745C69EB,73D28346,734306B1,72BA6D85,723ECBDD,759E90A4,72F8707C
R,109,766840D3,75D2657F,75158062,7470AB3B,73E7A7E3,73591692,72D15C34,72568335,75B0BA75,730EFA2A
R,110,7678F9AB,75E41841,75286C41,7484A693,73FC83A3,736EDA9E,72E7FC40,726DE966,75C2A52E,7325367A
R,111,768978A2,75F58DEA,753B1703,74985D5B,741117FC,73845458,72FE4F39,72850010,75D45216,733B26F6
R,112,7699BEE3,7606C7B4,754D81F7,74ABD0F1,7425665B,73998539,731456A8,729BC8C3,75E5C26A,7350CD20
R,113,76A9CD91,7617C6D0,755FAE61,74BF02A9,74397022,73AE6EB2,732A1408,72B24508,75F6F75F,73662A6E
R,114,76B9A5C7,76288C69,75719D7D,74D1F3D1,744D36A9,73C31229,733F88CC,72C8765D,7607F223,737B404D
R,115,76C94896,763919A0,75835080,74E4A5AC,7460BB41,73D770FA,7354B65D,72DE5E35,7618B3DA,73901022
R,116,76D8B70C,76496F8F,7594C895,74F71973,7473FF30,73EB8C7A,73699E1B,72F3FDFB,76293DA3,73A49B46
R,117,76E7F22D,76598F49,75A606E1,7509505C,748703B7,73FF65F4,737E415C,7309570F,76399092,73B8E30B
R,118,76F6FAF8,766979DB,75B70C80,751B4B90,7499CA0B,7412FEAB,7392A170,731E6ACA,7649ADB7,73CCE8BA
R,119,7705D265,76793049,75C7DA87,752D0C33,74AC535C,742657DA,73A6BF9A,73333A7B,7659961B,73E0AD93
R,120,77147965,7688B392,75D87206,753E9361,74BEA0D1,743972B2,73BA9D1A,7347C769,76694ABD,73F432D0
R,121,7722F0E3,769804AE,75E8D403,754FE22F,74D0B38A,744C5060,73CE3B23,735C12D4,7678CC9A,740779A1
R,122,773139C5,76A7248E,75F90181,7560F9AC,74E28CA0,745EF207,73E19AE6,73701DF2,76881CA5,741A832F
R,123,773F54EC,76B6141F,7608FB78,7571DADE,74F42D24,747158C3,73F4BD87,7383E9F2,76973BCE,742D509D
R,124,774D432F,76C4D445,7618C2DF,758286C7,75059622,748385AA,7407A426,739777FD,76A62AFC,743FE305
R,125,775B0566,76D365E3,762858A3,7592FE61,7516C89D,749579CB,741A4FDB,73AAC933,76B4EB13,74523B7C
R,126,77689C5F,76E1C9D2,7637BDAC,75A342A1,7527C596,74A7362E,742CC1B9,73BDDEAF,76C37CEF,74645B0E
R,127,777608E5,76F000E7,7646F2DF,75B35474,75388E02,74B8BBD5,743EFAC9,73D0B983,76D1E169,747642C2
R,128,77834BBD,76FE0BF4,7655F919,75C334C6,754922D6,74CA0BBB,7450FC11,73E35ABC,76E01953,7487F399
R,129,779065A9,770BEBC3,7664D131,75D2E477,755984FC,74DB26D6,7462C68F,73F5C361,76EE257B,74996E8E
R,130,779D5764,7719A11B,76737BFB,75E26467,7569B55C,74EC0E16,74745B3B,7407F470,76FC06AA,74AAB495
R,131,77AA21A6,77272CBD,7681FA45,75F1B56E,7579B4D7,74FCC266,7485BB08,7419EEE5,7709BDA3,74BBC69C
R,132,77B6C523,77348F67,76904CD8,7600D860,75898449,750D44A9,7496E6E3,742BB3B3,77174B26,74CCA58E
R,133,77C34289,7741C9D1,769E7478,760FCE0B,7599248A,751D95C0,74A7DFB3,743D43C9,7724AFEE,74DD524D
R,134,77CF9A85,774EDCB0,76AC71E6,761E9739,75A8966A,752DB685,74B8A65A,744EA010,7731ECB1,74EDCDB9
R,135,77DBCDBD,775BC8B4,76BA45DE,762D34AF,75B7DAB8,753DA7CD,74C93BB6,745FC96B,773F0221,74FE18AA
R,136,77E7DCD4,77688E89,76C7F115,763BA72F,75C6F23B,754D6A68,74D9A09E,7470C0BB,774BF0ED,750E33F6
R,137,77F3C86A,77752ED7,76D57440,7649EF73,75D5DDB8,755CFF22,74E9D5E5,748186D7,7758B9BE,751E206C
R,138,77FF911A,7781AA43,76E2D00D,76580E35,75E49DEE,756C66C2,74F9DC59,74921C94,77655D3C,752DDED7
R,139,780B377D,778E016E,76F00527,76660428,75F33398,757BA20B,7509B4C5,74A282C3,7771DC07,753D6FFD
R,140,7816BC29,779A34F3,76FD1435,7673D1FC,76019F6D,758AB1BB,75195FEC,74B2BA2F,777E36C0,754CD4A1
R,141,78221FAD,77A6456E,7709FDDC,7681785D,760FE21F,7599968C,7528DE90,74C2C39E,778A6E02,755C0D80
R,142,782D6299,77B23373,7716C2B9,768EF7F2,761DFC5F,75A85133,7538316E,74D29FD3,77968263,756B1B54
R,143,78388578,77BDFF96,7723636A,769C5161,762BEED6,75B6E264,7547593D,74E24F8B,77A2747A,7579FED2
R,144,784388D1,77C9AA66,772FE088,76A9854A,7639BA2C,75C54ACB,755656B2,74F1D382,77AE44D6,7588B8AB
R,145,784E6D2B,77D53470,773C3AA8,76B6944A,76475F06,75D38B14,75652A7E,75012C6D,77B9F407,7597498E
R,146,78593306,77E09E3C,7748725C,76C37EFC,7654DE02,75E1A3E4,7573D54D,75105AFD,77C58296,75A5B224
R,147,7863DAE2,77EBE851,77548833,76D045F5,766237BE,75EF95DF,758257C8,751F5FE2,77D0F10C,75B3F313
R,148,786E653D,77F71334,77607CB9,76DCE9C9,766F6CD2,75FD61A4,7590B294,752E3BC5,77DC3FED,75C20CFE
R,149,7878D28E,78021F63,776C5078,76E96B09,767C7DD6,760B07D0,759EE654,753CEF4E,77E76FBC,75D00085
R,150,7883234F,780D0D5D,777803F4,76F5CA40,76896B5C,761888FA,75ACF3A5,754B7B20,77F280F9,75DDCE43
R,151,788D57F4,7817DD9D,778397B2,770207FA,769635F3,7625E5B9,75BADB23,7559DFDB,77FD741F,75EB76D1
R,152,789770EE,7822909D,778F0C32,770E24BE,76A2DE29,76331EA0,75C89D65,75681E1C,780849A9,75F8FAC4
R,153,78A16EAE,782D26D1,779A61F1,771A210F,76AF6487,7640343D,75D63B01,7576367C,7813020E,76065AAE
R,154,78AB51A2,7837A0AD,77A5996B,7725FD70,76BBC994,764D271D,75E3B487,75842991,781D9DC3,7613971F
R,155,78B51A34,7841FEA3,77B0B318,7731BA60,76C80DD4,7659F7C9,75F10A87,7591F7EE,78281D3B,7620B0A4
R,156,78BEC8CD,784C4122,77BBAF6F,773D585B,76D431C9,7666A6C9,75FE3D8C,759FA224,783280E6,762DA7C4
R,157,78C85DD5,78566896,77C68EE3,7748D7DA,76E035F2,767334A1,760B4E1E,75AD28C0,783CC931,763A7D08
R,158,78D1D9B1,78607569,77D151E5,77543955,76EC1ACB,767FA1D1,76183CC5,75BA8C4C,7846F688,764730F4
R,159,78DB3CC1,786A6803,77DBF8E5,775F7D41,76F7E0CD,768BEED8,76250A03,75C7CD50,78510955,7653C407
R,160,78E48769,787440CB,77E6844E,776AA410,77038870,76981C32,7631B65A,75D4EC50,785B01FF,766036C2
R,161,78EDBA05,787E0025,77F0F48D,7775AE33,770F1229,76A42A5A,763E4246,75E1E9CE,7864E0EA,766C899F
R,162,78F6D4F4,7887A672,77FB4A08,77809C18,771A7E6A,76B019C6,764AAE45,75EEC64B,786EA67B,7678BD1A
R,163,78FFD88F,78913413,78058528,778B6E2A,7725CDA4,76BBEAEB,7656FACE,75FB8244,78785313,7684D1A8
R,164,7908C531,789AA965,780FA64E,779624D3,77310045,76C79E3C,7663285A,76081E32,7881E70F,7690C7C0
R,165,79119B30,78A406C6,7819ADE0,77A0C07B,773C16B7,76D3342A,766F375C,76149A8F,788B62CF,769C9FD3
R,166,791A5AE3,78AD4C8F,78239C3B,77AB4187,77471167,76DEAD21,767B2847,7620F7D0,7894C6AD,76A85A52
R,167,7923049C,78B67B19,782D71C0,77B5A85B,7751F0BA,76EA098F,7686FB8B,762D3669,789E1304,76B3F7AB
R,168,792B98B0,78BF92BC,78372ECB,77BFF558,775CB517,76F549DD,7692B195,763956CB,78A7482A,76BF784B
R,169,7934176D,78C893CC,7840D3B7,77CA28DF,77675EE1,77006E73,769E4AD2,76455966,78B06678,76CADC9A
R,170,793C8124,78D17E9C,784A60DC,77D4434D,7771EE7B,770B77B7,76A9C7AB,76513EA6,78B96E40,76D62502
R,171,7944D622,78DA5380,7853D693,77DE44FE,777C6444,7716660D,76B52887,765D06F7,78C25FD6,76E151E8
R,172,794D16B3,78E312C8,785D3531,77E82E4D,7786C09B,772139D7,76C06DCE,7668B2C1,78CB3B8C,76EC63B1
R,173,79554322,78EBBCC2,78667D0B,77F1FF92,779103DC,772BF375,76CB97E1,7674426D,78D401B1,76F75ABE
R,174,795D5BB9,78F451BB,786FAE72,77FBB924,779B2E61,77369346,76D6A724,767FB65E,78DCB294,7702376F
R,175,796560BE,78FCD201,7878C9B8,78055B5A,77A54084,774119A5,76E19BF6,768B0EF8,78E54E81,770CFA24
R,176,796D527A,79053DDD,7881CF2D,780EE685,77AF3A9B,774B86EF,76EC76B6,76964C9C,78EDD5C5,7717A33A
R,177,79753131,790D9598,788ABF1E,78185AFA,77B91CFD,7755DB7D,76F737C0,76A16FAB,78F648A9,7722330A
R,178,797CFD26,7915D97B,789399D9,7821B908,77C2E7FE,776017A5,7701DF6F,76AC7881,78FEA775,772CA9EF
R,179,7984B69E,791E09CB,789C5FA7,782B00FF,77CC9BF0,776A3BBF,770C6E1D,76B7677C,7906F271,77370840
R,180,798C5DD9,792626CF,78A510D4,7834332C,77D63924,7774481D,7716E420,76C23CF5,790F29E4,77414E54
R,181,7993F317,792E30C9,78ADADA7,783D4FDC,77DFBFE9,777E3D14,772141D0,76CCF945,79174E11,774B7C7F
R,182,799B7698,793627FE,78B63667,78465759,77E9308F,77881AF4,772B8780,76D79CC3,791F5F3C,77559314
R,183,79A2E899,793E0CAD,78BEAB5B,784F49EE,77F28B60,7791E20E,7735B583,76E227C6,79275DA8,775F9264
R,184,79AA4958,7945DF17,78C70CC7,785827E3,77FBD0AA,779B92B0,773FCC2B,76EC9AA1,792F4995,77697AC1
R,185,79B19910,794D9F7C,78CF5AEE,7860F17E,780500B6,77A52D27,7749CBC8,76F6F5A6,79372344,77734C78
R,186,79B8D7FB,79554E19,78D79612,7869A705,780E1BCC,77AEB1BF,7753B4A8,77013928,793EEAF3,777D07D6
R,187,79C00654,795CEB2B,78DFBE75,787248BD,78172234,77B820C1,775D8719,770B6575,7946A0DF,7786AD28
R,188,79C72454,796476EF,78E7D456,787AD6E9,78201433,77C17A78,77674366,77157ADC,794E4546,77903CB9
R,189,79CE3230,796BF19E,78EFD7F4,788351CB,7828F210,77CABF2B,7770E9DA,771F79AA,7955D863,7799B6D0
R,190,79D53021,79735B73,78F7C98C,788BB9A5,7831BC0D,77D3EF20,777A7ABE,7729622A,795D5A6F,77A31BB7
R,191,79DC1E5C,797AB4A7,78FFA95C,78940EB5,783A726E,77DD0A9D,7783F65A,773334A7,7964CBA5,77AC6BB5
R,192,79E2FD15,7981FD70,7907779D,789C513A,78431572,77E611E6,778D5CF4,773CF16A,796C2C3D,77B5A70E
R,193,79E9CC81,79893606,790F348C,78A48173,784BA55C,77EF053D,7796AED3,774698BA,79737C6F,77BECE07
R,194,79F08CD2,79905E9E,7916E061,78AC9F9B,78542269,77F7E4E5,779FEC3A,77502ADF,797ABC70,77C7E0E3
R,195,79F73E3A,7997776E,791E7B54,78B4ABEF,785C8CD7,7800B11F,77A9156C,7759A81D,7981EC76,77D0DFE4
R,196,79FDE0EB,799E80A9,7926059E,78BCA6A8,7864E4E5,78096A28,77B22AAC,776310B8,79890CB6,77D9CB4B
R,197,7A047514,79A57A83,792D7F74,78C49000,786D2ACD,78121041,77BB2C3A,776C64F4,79901D63,77E2A358
R,198,7A0AFAE6,79AC652D,7934E90D,78CC6830,78755ECA,781AA3A7,77C41A56,7775A512,79971EB1,77EB6849
R,199,7A11728F,79B340D9,793C429C,78D42F6F,787D8118,78232495,77CCF53F,777ED154,799E10D1,77F41A5C
R,200,7A17DC3D,79BA0DB8,79438C57,78DBE5F4,788591ED,782B9348,77D5BD33,7787E9F8,79A4F3F4,77FCB9CE
R,201,7A1E381C,79C0CBF9,794AC66E,78E38BF5,788D9183,7833EFF9,77DE726D,7790EF3D,79ABC84C,780546DB
R,202,7A24865A,79C77BCB,7951F116,78EB21A6,78958011,783C3AE2,77E7152A,7799E162,79B28E06,780DC1BC
R,203,7A2AC722,79CE1D5C,79590C7F,78F2A73B,789D5DCC,7844743C,77EFA5A4,77A2C0A2,79B94552,78162AAB
R,204,7A30FA9F,79D4B0DB,796018D9,78FA1CE7,78A52AEA,784C9C3E,77F82415,77AB8D3A,79BFEE5E,781E81E2
R,205,7A3720FC,79DB3672,79671654,790182DE,78ACE7A0,7854B31F,780090B6,77B44763,79C68957,7826C798
R,206,7A3D3A61,79E1AE4E,796E051F,7908D94F,78B49421,785CB914,7808EBBE,77BCEF58,79CD1669,782EFC04
R,207,7A4346F7,79E8189B,7974E569,7910206C,78BC309F,7864AE53,78113564,77C58550,79D395C1,78371F5C
R,208,7A4946E7,79EE7583,797BB75D,79175865,78C3BD4D,786C930E,78196DDF,77CE0985,79DA0788,783F31D4
R,209,7A4F3A58,79F4C52F,79827B2A,791E8168,78CB3A5B,7874677B,78219563,77D67C2D,79E06BEA,784733A2
R,210,7A552171,79FB07C9,798930FA,79259BA4,78D2A7FA,787C2BC9,7829AC24,77DEDD7D,79E6C30F,784F24F8
R,211,7A5AFC59,7A013D79,798FD8FA,792CA746,78DA065A,7883E02D,7831B257,77E72DAB,79ED0D22,78570609
R,212,7A60CB35,7A076667,79967353,7933A47C,78E155A9,788B84D5,7839A82E,77EF6CEC,79F34A49,785ED708
R,213,7A668E29,7A0D82BA,799D0030,793A9371,78E89615,789319F2,78418DDA,77F79B73,79F97AAE,78669824
R,214,7A6C455B,7A139299,79A37FB8,79417451,78EFC7CB,789A9FB3,7849638D,77FFB972,79FF9E76,786E498E
R,215,7A71F0EE,7A199629,79A9F216,79484746,78F6EAF8,78A21648,78512976,7807C71B,7A05B5C8,7875EB75
R,216,7A779105,7A1F8D90,79B05771,794F0C7B,78FDFFC8,78A97DDC,7858DFC6,780FC4A0,7A0BC0CA,787D7E09
R,217,7A7D25C4,7A2578F2,79B6AFF0,7955C419,79050667,78B0D69E,786086AB,7817B230,7A11BFA1,78850177
R,218,7A82AF4D,7A2B5875,79BCFBBA,795C6E48,790BFEFD,78B820BA,78681E54,781F8FFC,7A17B272,788C75ED
R,219,7A882DC0,7A312C3A,79C33AF4,79630B32,7912E9B6,78BF5C5B,786FA6EC,78275E32,7A1D9961,7893DB97
R,220,7A8DA140,7A36F466,79C96DC5,79699AFD,7919C6BB,78C689AC,787720A2,782F1D01,7A237491,789B32A0
R,221,7A9309EC,7A3CB11B,79CF9450,79701DCF,79209634,78CDA8D8,787E8BA1,7836CC95,7A294424,78A27B35
R,222,7A9867E6,7A42627B,79D5AEBB,797693D1,79275849,78D4BA09,7885E815,783E6D1B,7A2F083F,78A9B57F
R,223,7A9DBB4C,7A4808A6,79DBBD29,797CFD26,792E0D21,78DBBD66,788D3627,7845FEC0,7A34C101,78B0E1A9
R,224,7AA3043D,7A4DA3BF,79E1BFBD,798359F5,7934B4E4,78E2B31A,78947602,784D81AF,7A3A6E8E,78B7FFDB
R,225,7AA842DA,7A5333E6,79E7B69A,7989AA62,793B4FB6,78E99B4B,789BA7CF,7854F613,7A401104,78BF103F
R,226,7AAD773E,7A58B93A,79EDA1E2,798FEE91,7941DDBF,78F07620,78A2CBB7,785C5C15,7A45A886,78C612FC
R,227,7AB2A189,7A5E33DC,79F381B6,799626A5,79485F22,78F743C1,78A9E1E2,7863B3DF,7A4B3532,78CD083A
R,228,7AB7C1D8,7A63A3E9,79F95638,799C52C1,794ED405,78FE0453,78B0EA78,786AFD9A,7A50B729,78D3F020
R,229,7ABCD847,7A690981,79FF1F89,79A27308,79553C8B,7904B7FC,78B7E59F,7872396F,7A562E88,78DACAD3
R,230,7AC1E4F3,7A6E64C1,7A04DDC8,79A8879B,795B98D7,790B5EE0,78BED37E,78796784,7A5B9B6E,78E1987A
R,231,7AC6E7F8,7A73B5C8,7A0A9114,79AE909D,7961E90D,7911F924,78C5B43A,78808800,7A60FDFA,78E8593A
R,232,7ACBE171,7A78FCB1,7A10398E,79B48E2D,79682D4F,791886EC,78CC87F9,78879B0B,7A665649,78EF0D36
R,233,7AD0D17A,7A7E399B,7A15D754,79BA806D,796E65BE,791F085B,78D34EDF,788EA0CB,7A6BA477,78F5B494
R,234,7AD5B82D,7A836CA2,7A1B6A84,79C0677B,7974927C,79257D94,78DA0911,78959963,7A70E8A2,78FC4F77
R,235,7ADA95A5,7A8895E0,7A20F33C,79C64379,797AB3AA,792BE6B8,78E0B6B2,789C84FA,7A7622E6,7902DE02
R,236,7ADF69FC,7A8DB573,7A267199,79CC1484,7980C968,793243EB,78E757E4,78A363B3,7A7B535F,79096056
R,237,7AE4354A,7A92CB74,7A2BE5B9,79D1DABB,7986D3D5,7938954C,78EDECCC,78AA35B3,7A807A27,790FD697
R,238,7AE8F7AB,7A97D7FF,7A314FB7,79D7963D,798CD312,793EDAFE,78F4758A,78B0FB1C,7A85975B,791640E6
R,239,7AEDB136,7A9CDB2E,7A36AFB0,79DD4727,7992C73E,7945151F,78FAF241,78B7B411,7A8AAB14,791C9F63
R,240,7AF26203,7AA1D51A,7A3C05C0,79E2ED96,7998B076,794B43D0,79016310,78BE60B5,7A8FB56E,7922F22F
R,241,7AF70A2C,7AA6C5DE,7A415202,79E889A7,799E8EDA,79516731,7907C81A,78C50128,7A94B681,7929396B
R,242,7AFBA9C8,7AABAD93,7A469490,79EE1B77,79A46285,79577F60,790E217E,78CB958E,7A99AE67,792F7535
R,243,7B0040EE,7AB08C50,7A4BCD87,79F3A321,79AA2B97,795D8C7C,79146F5C,78D21E05,7A9E9D3A,7935A5AD
R,244,7B04CFB5,7AB56230,7A50FCFE,79F920C2,79AFEA2C,79638EA2,791AB1D3,78D89AAF,7AA38312,793BCAF2
R,245,7B095635,7ABA2F4A,7A562311,79FE9474,79B59E5F,796985F1,7920E902,78DF0BAB,7AA86008,7941E523
R,246,7B0DD483,7ABEF3B5,7A5B3FD9,7A03FE52,79BB484E,796F7286,79271508,78E57118,7AAD3434,7947F45C
R,247,7B124AB6,7AC3AF8A,7A60536E,7A095E77,79C0E814,7975547E,792D3601,78EBCB17,7AB1FFAD,794DF8BB
R,248,7B16B8E4,7AC862DF,7A655DEB,7A0EB4FD,79C67DCB,797B2BF4,79334C0D,78F219C5,7AB6C28B,7953F25E
R,249,7B1B1F23,7ACD0DCB,7A6A5F66,7A1401FD,79CC0990,7980F906,79395747,78F85D40,7ABB7CE5,7959E160
R,250,7B1F7D87,7AD1B065,7A6F57F8,7A194592,79D18B7B,7986BBCE,793F57CD,78FE95A6,7AC02ED2,795FC5DF
R,251,7B23D425,7AD64AC3,7A7447B9,7A1E7FD3,79D703A9,798C7468,79454DBC,7904C315,7AC4D868,79659FF6
R,252,7B282313,7ADADCFA,7A792EC0,7A23B0DA,79DC7231,799222EF,794B392E,790AE5A9,7AC979BD,796B6FC1
R,253,7B2C6A64,7ADF6721,7A7E0D24,7A28D8BF,79E1D72E,7997C77E,79511A3F,7910FD7F,7ACE12E8,7971355A
R,254,7B30AA2D,7AE3E94C,7A82E2FC,7A2DF79A,79E732B9,799D622D,7956F10C,79170AB3,7AD2A3FD,7976F0DC
R,255,7B34E281,7AE86391,7A87B05E,7A330D83,79EC84EB,79A2F319,795CBDAD,791D0D60,7AD72D12,797CA262
D,0,0F9F8172
D,1,0F9D9484
D,2,0F9B9DDF
D,3,0F999D55
D,4,0F9792B4
D,5,0F957DCD
D,6,0F935E6B
D,7,0F91345D
D,8,0F8EFF6E
D,9,0F8CBF69
D,10,0F8A7419
D,11,0F881D45
D,12,0F85BAB7
D,13,0F834C36
D,14,0F80D187
D,15,0F7E4A70
D,16,0F7BB6B5
D,17,0F791619
D,18,0F76685F
D,19,0F73AD46
D,20,0F70E490
D,21,0F6E0DFA
D,22,0F6B2943
D,23,0F683628
D,24,0F653462
D,25,0F6223AE
D,26,0F5F03C4
D,27,0F5BD45B
D,28,0F58952C
D,29,0F5545EB
D,30,0F51E64C
D,31,0F4E7603
D,32,0F4AF4C2
D,33,0F47623A
D,34,0F43BE19
D,35,0F40080D
D,36,0F3C3FC4
D,37,0F3864EA
D,38,0F347727
D,39,0F307626
D,40,0F2C618D
D,41,0F283902
D,42,0F23FC2B
D,43,0F1FAAAB
D,44,0F1B4424
D,45,0F16C837
D,46,0F123682
D,47,0F0D8EA4
D,48,0F08D039
D,49,0F03FADD
D,50,0EFF0E28
D,51,0EFA09B4
D,52,0EF4ED16
D,53,0EEFB7E5
D,54,0EEA69B3
D,55,0EE50215
D,56,0EDF809A
D,57,0ED9E4D2
D,58,0ED42E4C
D,59,0ECE5C94
D,60,0EC86F36
D,61,0EC265BB
D,62,0EBC3FAC
D,63,0EB5FC91
D,64,0EAF9BEF
D,65,0EA91D4A
D,66,0EA28025
D,67,0E9BC403
D,68,0E94E863
D,69,0E8DECC4
D,70,0E86D0A4
D,71,0E7F9380
D,72,0E7834D3
D,73,0E70B417
D,74,0E6910C5
D,75,0E614A54
D,76,0E59603B
D,77,0E5151F0
D,78,0E491EE7
D,79,0E40C694
D,80,0E384869
D,81,0E2FA3D8
D,82,0E26D851
D,83,0E1DE546
D,84,0E14CA24
D,85,0E0B865C
D,86,0E02195B
D,87,0DF8828F
D,88,0DEEC164
D,89,0DE4D549
D,90,0DDABDA9
D,91,0DD079F1
D,92,0DC6098D
D,93,0DBB6BE9
D,94,0DB0A073
D,95,0DA5A697
D,96,0D9A7DC2
D,97,0D8F2561
D,98,0D839CE3
D,99,0D77E3B7
D,100,0D6BF94C
D,101,0D5FDD14
D,102,0D538E80
D,103,0D470D04
D,104,0D3A5814
D,105,0D2D6F27
D,106,0D2051B6
D,107,0D12FF3B
D,108,0D057733
D,109,0CF7B91B
D,110,0CE9C478
D,111,0CDB98CC
D,112,0CCD35A0
D,113,0CBE9A7E
D,114,0CAFC6F6
D,115,0CA0BA98
D,116,0C9174FD
D,117,0C81F5BE
D,118,0C723C7B
D,119,0C6248D7
D,120,0C521A7E
D,121,0C41B11C
D,122,0C310C66
D,123,0C202C18
D,124,0C0F0FF3
D,125,0BFDB7BD
D,126,0BEC2346
D,127,0BDA5264
D,128,0BC844F6
D,129,0BB5FAE0
D,130,0BA37413
D,131,0B90B084
D,132,0B7DB036
D,133,0B6A7331
D,134,0B56F98B
D,135,0B434362
D,136,0B2F50E0
D,137,0B1B2239
D,138,0B06B7AD
D,139,0AF21188
D,140,0ADD3023
D,141,0AC813E4
D,142,0AB2BD3C
D,143,0A9D2CAD
D,144,0A8762C4
D,145,0A71601D
D,146,0A5B2564
D,147,0A44B353
D,148,0A2E0AB3
D,149,0A172C60
D,150,0A001942
D,151,09E8D254
D,152,09D158A2
D,153,09B9AD47
D,154,09A1D173
D,155,0989C663
D,156,09718D6B
D,157,095927EE
D,158,09409761
D,159,0927DD4E
D,160,090EFB51
D,161,08F5F316
D,162,08DCC65F
D,163,08C376FF
D,164,08AA06DE
D,165,089077F4
D,166,0876CC4D
D,167,085D0608
D,168,08432757
D,169,0829327B
D,170,080F29C9
D,171,07F50FA9
D,172,07DAE692
D,173,07C0B10C
D,174,07A671AF
D,175,078C2B23
D,176,0771E01F
D,177,0757936A
D,178,073D47D5
D,179,07230042
D,180,0708BF9B
D,181,06EE88DA
D,182,06D45EFF
D,183,06BA4516
D,184,06A03E32
D,185,06864D6E
D,186,066C75EB
D,187,0652BACE
D,188,06391F44
D,189,061FA677
D,190,06065396
D,191,05ED29D2
D,192,05D42C57
D,193,05BB5E51
D,194,05A2C2EB
D,195,058A5D47
D,196,05723085
D,197,055A3FBE
D,198,05428E02
D,199,052B1E58
D,200,0513F3BF
D,201,04FD1129
D,202,04E6797F
D,203,04D02F9B
D,204,04BA364C
D,205,04A49053
D,206,048F4063
D,207,047A4921
D,208,0465AD23
D,209,04516EF2
D,210,043D9106
D,211,042A15CD
D,212,0416FFA5
D,213,040450E0
D,214,03F20BC4
D,215,03E0328D
D,216,03CEC76D
D,217,03BDCC91
D,218,03AD441C
D,219,039D3032
D,220,038D92F4
D,221,037E6E86
D,222,036FC510
D,223,036198C5
D,224,0353EBE4
D,225,0346C0BD
D,226,033A19B9
D,227,032DF95D
D,228,0322624F
D,229,03175762
D,230,030CDB99
D,231,0302F234
D,232,02F99EB4
D,233,02F0E4F0
D,234,02E8C916
D,235,02E14FC1
D,236,02DA7E07
D,237,02D45989
D,238,02CEE88A
D,239,02CA3204
D,240,02C63DC6
D,241,02C3148D
D,242,02C0C02A
D,243,02BF4BAE
D,244,02BF40CE
D,245,02BF40CE
D,246,02BF40CE
D,247,02BF40CE
D,248,02BF40CE
D,249,02BF40CE
D,250,02BF40CE
D,251,02BF40CE
D,252,02BF40CE
D,253,02BF40CE
D,254,02BF40CE
D,255,02BF40CE
PVALID inGain[+0x298]=00000000 mix[+0x288]=00000000
P,0,3FFE1880
P,1,3FFE11C0
P,2,3FFE0B00
P,3,3FFE0400
P,4,3FFDFD40
P,5,3FFDF600
P,6,3FFDEF00
P,7,3FFDE7C0
P,8,3FFDE040
P,9,3FFDD900
P,10,3FFDD180
P,11,3FFDC9C0
P,12,3FFDC200
P,13,3FFDBA40
P,14,3FFDB240
P,15,3FFDAA00
P,16,3FFDA200
P,17,3FFD99C0
P,18,3FFD9140
P,19,3FFD88C0
P,20,3FFD8000
P,21,3FFD7740
P,22,3FFD6E80
P,23,3FFD6580
P,24,3FFD5C40
P,25,3FFD5300
P,26,3FFD49C0
P,27,3FFD4040
P,28,3FFD3680
P,29,3FFD2CC0
P,30,3FFD2300
P,31,3FFD1900
P,32,3FFD0EC0
P,33,3FFD0480
P,34,3FFCFA00
P,35,3FFCEF40
P,36,3FFCE480
P,37,3FFCD9C0
P,38,3FFCCEC0
P,39,3FFCC380
P,40,3FFCB840
P,41,3FFCACC0
P,42,3FFCA100
P,43,3FFC9540
P,44,3FFC8940
P,45,3FFC7D40
P,46,3FFC70C0
P,47,3FFC6440
P,48,3FFC57C0
P,49,3FFC4B00
P,50,3FFC3E00
P,51,3FFC30C0
P,52,3FFC2380
P,53,3FFC1600
P,54,3FFC0840
P,55,3FFBFA40
P,56,3FFBEC40
P,57,3FFBDE00
P,58,3FFBCF80
P,59,3FFBC0C0
P,60,3FFBB1C0
P,61,3FFBA2C0
P,62,3FFB9380
P,63,3FFB8400
P,64,3FFB7440
P,65,3FFB6440
P,66,3FFB5440
P,67,3FFB43C0
P,68,3FFB3340
P,69,3FFB2280
P,70,3FFB1180
P,71,3FFB0040
P,72,3FFAEEC0
P,73,3FFADD00
P,74,3FFACB00
P,75,3FFAB8C0
P,76,3FFAA640
P,77,3FFA9380
P,78,3FFA8080
P,79,3FFA6D40
P,80,3FFA5980
P,81,3FFA45C0
P,82,3FFA31C0
P,83,3FFA1D80
P,84,3FFA08C0
P,85,3FF9F400
P,86,3FF9DEC0
P,87,3FF9C940
P,88,3FF9B380
P,89,3FF99D80
P,90,3FF98700
P,91,3FF97040
P,92,3FF95980
P,93,3FF94200
P,94,3FF92A80
P,95,3FF91280
P,96,3FF8FA40
P,97,3FF8E1C0
P,98,3FF8C8C0
P,99,3FF8AF80
P,100,3FF895C0
P,101,3FF87BC0
P,102,3FF86180
P,103,3FF846C0
P,104,3FF82BC0
P,105,3FF81040
P,106,3FF7F480
P,107,3FF7D840
P,108,3FF7BBC0
P,109,3FF79EC0
P,110,3FF78180
P,111,3FF763C0
P,112,3FF74580
P,113,3FF72700
P,114,3FF70800
P,115,3FF6E880
P,116,3FF6C8C0
P,117,3FF6A880
P,118,3FF687C0
P,119,3FF66680
P,120,3FF64500
P,121,3FF622C0
P,122,3FF60040
P,123,3FF5DD40
P,124,3FF5B9C0
P,125,3FF595C0
P,126,3FF57140
P,127,3FF54C40
P,128,3FF526C0
P,129,3FF500C0
P,130,3FF4DA40
P,131,3FF4B340
P,132,3FF48BC0
P,133,3FF46380
P,134,3FF43AC0
P,135,3FF41180
P,136,3FF3E7C0
P,137,3FF3BD80
P,138,3FF39280
P,139,3FF36700
P,140,3FF33AC0
P,141,3FF30E00
P,142,3FF2E0C0
P,143,3FF2B2C0
P,144,3FF28440
P,145,3FF25500
P,146,3FF22500
P,147,3FF1F480
P,148,3FF1C340
P,149,3FF19180
P,150,3FF15F00
P,151,3FF12BC0
P,152,3FF0F7C0
P,153,3FF0C300
P,154,3FF08DC0
P,155,3FF05780
P,156,3FF020C0
P,157,3FEFE900
P,158,3FEFB0C0
P,159,3FEF7780
P,160,3FEF3DC0
P,161,3FEF0300
P,162,3FEEC780
P,163,3FEE8B40
P,164,3FEE4E00
P,165,3FEE1000
P,166,3FEDD140
P,167,3FED9180
P,168,3FED5100
P,169,3FED0F80
P,170,3FECCD00
P,171,3FEC89C0
P,172,3FEC45C0
P,173,3FEC0080
P,174,3FEBBA80
P,175,3FEB7380
P,176,3FEB2B80
P,177,3FEAE280
P,178,3FEA9880
P,179,3FEA4D80
P,180,3FEA0180
P,181,3FE9B480
P,182,3FE96680
P,183,3FE91740
P,184,3FE8C700
P,185,3FE875C0
P,186,3FE82340
P,187,3FE7CF80
P,188,3FE77B00
P,189,3FE72500
P,190,3FE6CE00
P,191,3FE675C0
P,192,3FE61C40
P,193,3FE5C180
P,194,3FE56580
P,195,3FE50840
P,196,3FE4AA00
P,197,3FE44A40
P,198,3FE3E900
P,199,3FE386C0
P,200,3FE32300
P,201,3FE2BDC0
P,202,3FE25740
P,203,3FE1EF80
P,204,3FE18600
P,205,3FE11B40
P,206,3FE0AF00
P,207,3FE04180
P,208,3FDFD240
P,209,3FDF6180
P,210,3FDEEF40
P,211,3FDE7B80
P,212,3FDE0600
P,213,3FDD8F00
P,214,3FDD1640
P,215,3FDC9C00
P,216,3FDC2000
P,217,3FDBA240
P,218,3FDB2300
P,219,3FDAA1C0
P,220,3FDA1F00
P,221,3FD99A40
P,222,3FD913C0
P,223,3FD88B40
P,224,3FD80140
P,225,3FD77500
P,226,3FD6E700
P,227,3FD65700
P,228,3FD5C500
P,229,3FD53140
P,230,3FD49B40
P,231,3FD40340
P,232,3FD36900
P,233,3FD2CD00
P,234,3FD22E80
P,235,3FD18E00
P,236,3FD0EB40
P,237,3FD04680
P,238,3FCF9F40
P,239,3FCEF5C0
P,240,3FCE4A00
P,241,3FCD9BC0
P,242,3FCCEB40
P,243,3FCC3880
P,244,3FCB8300
P,245,3FCACB00
P,246,3FCA10C0
P,247,3FC953C0
P,248,3FC89440
P,249,3FC7D240
P,250,3FC70D40
P,251,3FC645C0
P,252,3FC57B80
P,253,3FC4AE80
P,254,3FC3DEC0
P,255,3FC30C40
P,256,3FC236C0
P,257,3FC15E40
P,258,3FC082C0
P,259,3FBFA480
P,260,3FBEC300
P,261,3FBDDE80
P,262,3FBCF6C0
P,263,3FBC0C00
P,264,3FBB1E00
P,265,3FBA2C80
P,266,3FB93800
P,267,3FB84000
P,268,3FB744C0
P,269,3FB64600
P,270,3FB543C0
P,271,3FB43DC0
P,272,3FB33480
P,273,3FB22780
P,274,3FB116C0
P,275,3FB00240
P,276,3FAEEA00
P,277,3FADCE00
P,278,3FACAE00
P,279,3FAB8A40
P,280,3FAA6240
P,281,3FA93680
P,282,3FA80680
P,283,3FA6D240
P,284,3FA599C0
P,285,3FA45D40
P,286,3FA31C00
P,287,3FA1D6C0
P,288,3FA08CC0
P,289,3F9F3E80
P,290,3F9DEB80
P,291,3F9C9400
P,292,3F9B37C0
P,293,3F99D6C0
P,294,3F9870C0
P,295,3F970600
P,296,3F959640
P,297,3F942180
P,298,3F92A780
P,299,3F912880
P,300,3F8FA440
P,301,3F8E1AC0
P,302,3F8C8BC0
P,303,3F8AF740
P,304,3F895D40
P,305,3F87BDC0
P,306,3F861880
P,307,3F846D40
P,308,3F82BC80
P,309,3F8105C0
P,310,3F7F48C0
P,311,3F7D8600
P,312,3F7BBCC0
P,313,3F79ED80
P,314,3F7817C0
P,315,3F763BC0
P,316,3F745940
P,317,3F727000
P,318,3F708000
P,319,3F6E8940
P,320,3F6C8BC0
P,321,3F6A8740
P,322,3F687BC0
P,323,3F6668C0
P,324,3F644EC0
P,325,3F622D80
P,326,3F600480
P,327,3F5DD440
P,328,3F5B9C00
P,329,3F595C40
P,330,3F571480
P,331,3F54C4C0
P,332,3F526CC0
P,333,3F500CC0
P,334,3F4DA480
P,335,3F4B3380
P,336,3F48BA40
P,337,3F463840
P,338,3F43AD80
P,339,3F4119C0
P,340,3F3E7D00
P,341,3F3BD700
P,342,3F392800
P,343,3F366F80
P,344,3F33AD40
P,345,3F30E180
P,346,3F2E0C00
P,347,3F2B2C80
P,348,3F284300
P,349,3F254F40
P,350,3F225100
P,351,3F1F4880
P,352,3F1C3540
P,353,3F191740
P,354,3F15EE80
P,355,3F12BA80
P,356,3F0F7B40
P,357,3F0C30C0
P,358,3F08DAC0
P,359,3F057900
P,360,3F020B40
P,361,3EFE91C0
P,362,3EFB0BC0
P,363,3EF779C0
P,364,3EF3DB00
P,365,3EF02FC0
P,366,3EEC7780
P,367,3EE8B240
P,368,3EE4E000
P,369,3EE10000
P,370,3EDD12C0
P,371,3ED91780
P,372,3ED50E80
P,373,3ED0F740
P,374,3ECCD1C0
P,375,3EC89DC0
P,376,3EC45AC0
P,377,3EC00900
P,378,3EBBA840
P,379,3EB73800
P,380,3EB2B840
P,381,3EAE28C0
P,382,3EA98940
P,383,3EA4D9C0
P,384,3EA01980
P,385,3E9B48C0
P,386,3E966740
P,387,3E917480
P,388,3E8C7080
P,389,3E875AC0
P,390,3E823380
P,391,3E7CFA00
P,392,3E77AE40
P,393,3E725000
P,394,3E6CDEC0
P,395,3E675A80
P,396,3E61C300
P,397,3E5C1800
P,398,3E565900
P,399,3E5085C0
P,400,3E4A9E40
P,401,3E44A240
P,402,3E3E9100
P,403,3E386AC0
P,404,3E322EC0
P,405,3E2BDD00
P,406,3E257500
P,407,3E1EF6C0
P,408,3E186180
P,409,3E11B540
P,410,3E0AF1C0
P,411,3E041680
P,412,3DFD2340
P,413,3DF617C0
P,414,3DEEF380
P,415,3DE7B640
P,416,3DE05F80
P,417,3DD8EF00
P,418,3DD164C0
P,419,3DC9BFC0
P,420,3DC20040
P,421,3DBA2580
P,422,3DB22F40
P,423,3DAA1D00
P,424,3DA1EE80
P,425,3D99A380
P,426,3D913B40
P,427,3D88B5C0
P,428,3D801240
P,429,3D775080
P,430,3D6E7000
P,431,3D657080
P,432,3D5C5180
P,433,3D5312C0
P,434,3D49B340
P,435,3D403300
P,436,3D3691C0
P,437,3D2CCE80
P,438,3D22E900
P,439,3D18E100
P,440,3D0EB5C0
P,441,3D046700
P,442,3CF9F400
P,443,3CEF5C80
P,444,3CE49FC0
P,445,3CD9BD80
P,446,3CCEB500
P,447,3CC38600
P,448,3CB82FC0
P,449,3CACB200
P,450,3CA10BC0
P,451,3C953CC0
P,452,3C894480
P,453,3C7D2200
P,454,3C70D540
P,455,3C645D80
P,456,3C57B9C0
P,457,3C4AEA00
P,458,3C3DED40
P,459,3C30C300
P,460,3C236AC0
P,461,3C15E3C0
P,462,3C082D40
P,463,3BFA46C0
P,464,3BEC2F80
P,465,3BDDE700
P,466,3BCF6C40
P,467,3BC0BF00
P,468,3BB1DE40
P,469,3BA2C940
P,470,3B937FC0
P,471,3B840080
P,472,3B744B00
P,473,3B645E40
P,474,3B543A00
P,475,3B43DD00
P,476,3B334700
P,477,3B227680
P,478,3B116B80
P,479,3B002480
P,480,3AEEA100
P,481,3ADCE040
P,482,3ACAE140
P,483,3AB8A340
P,484,3AA62540
P,485,3A936680
P,486,3A806640
P,487,3A6D2340
P,488,3A599CC0
P,489,3A45D200
P,490,3A31C200
P,491,3A1D6B80
P,492,3A08CDC0
P,493,39F3E800
P,494,39DEB8C0
P,495,39C93F80
P,496,39B37B00
P,497,399D6A40
P,498,39870C40
P,499,39705FC0
P,500,395963C0
P,501,39421780
P,502,392A7980
P,503,391288C0
P,504,38FA4440
P,505,38E1AA80
P,506,38C8BAC0
P,507,38AF73C0
P,508,3895D400
P,509,387BDA80
P,510,38618600
P,511,3846D580
CRASH in setup call — exception 0xC0000094 (cannot run the 80-bit x87 code standalone)
